Train_Size_Pct,No Resampling_F1,Class Weights_F1,SMOTE_F1
0.4,,,
0.5,,,
0.6,,,
0.7,,,
0.8,,,
0.8999999999999999,0.0,0.31294881588999235,0.31172161172161167
1.0,0.0,0.37155388471177947,0.3310688485920684
