Model,Accuracy,Precision,Recall,F1-Score,ROC AUC
TF-IDF + LR,0.67,0.7748579945799458,0.7876470588235295,0.7810943842644293,0.6294196129671381
BERT + LR,0.6675000000000001,0.8196291607036809,0.7108683473389356,0.7606810390657941,0.6695936838149894
