Train_Size_Pct,No Resampling_F1,Class Weights_F1,SMOTE_F1
0.4,0.0,0.31041226226387536,0.2793993506493507
0.5,0.0,0.3243548232589329,0.2997886294496464
0.6,0.0,0.32381810616533196,0.335522755932592
0.7,0.0,0.34955104571472856,0.3381686804074864
0.8,0.012903225806451613,0.3546122405475705,0.33074616091495884
0.9,0.038306451612903226,0.3664732681569253,0.3373544721532338
1.0,0.049335863377609104,0.4025158052104471,0.39319508307522
